<?xml version="1.0" encoding="UTF-8"?>
<!--
  ~ Hibernate, Relational Persistence for Idiomatic Java
  ~
  ~ License: GNU Lesser General Public License (LGPL), version 2.1 or later.
  ~ See the lgpl.txt file in the root directory or <http://www.gnu.org/licenses/lgpl-2.1.html>.
  -->
<!DOCTYPE hibernate-mapping PUBLIC
        "-//Hibernate/Hibernate Mapping DTD 3.0//EN"
        "http://www.hibernate.org/dtd/hibernate-mapping-3.0.dtd">
<hibernate-mapping package="edu.unam.agenda.model">
    <class name="edu.unam.agenda.model.Contact" table="contact">
        <id name="id" column="contact_id">
            <generator class="identity"/>
        </id>
        <property name="name" column="name" length="50"/>
        <property name="lastName" column="last_name" length="200"/>
        <property name="age" column="age" />
        <property name="address" column="address"/>

        <many-to-one name="contactType" column="contact_type_id" lazy="false"
        	class="edu.unam.agenda.model.ContactType"/>
        <set name="meansContacts" cascade="all" lazy="false">
        	<key column="contact_id" />
        	<one-to-many class="edu.unam.agenda.model.MeansContacts" />
        </set>
    </class>
</hibernate-mapping>
